Rank,Name,Score
1,FLNA,61.5
2,RHOB,56.66666667
3,TNS1,53.16666667
4,DPYSL3,52.5
5,PRNP,52.16666667
6,ACTN1,52
7,RHOQ,51.5
8,TGFB1I1,51.33333333
9,CAVIN1,51.16666667
10,SPARCL1,50.66666667
