Rank,Name,Score
1,FLNA,61.5
2,RHOB,56.66666667
3,TNS1,53.16666667
4,DPYSL3,52.5
5,PRNP,52.16666667
6,ACTN1,52
7,RHOQ,51.5
8,TGFB1I1,51.33333333
9,CAVIN1,51.16666667
10,SPARCL1,50.66666667
11,SNCA,50.33333333
12,TUBB,50.16666667
13,CSRP1,50.16666667
14,SLIT2,50
15,ILK,49.33333333
16,MEF2C,49
16,PALLD,49
18,CAV2,48.83333333
19,TIMP2,48.5
20,ITPR1,48.16666667
