Category,ID,Term,%,p-value
KEGG,KEGG:04110,Cell cycle,0.05851063829787234,2.4092743679144127e-14
KEGG,KEGG:03030,DNA replication,0.024822695035460994,1.596577520155446e-09
KEGG,KEGG:03430,Mismatch repair,0.012411347517730497,0.0015814166956602943
KEGG,KEGG:04657,IL-17 signaling pathway,0.02304964539007092,0.0038313888669805106
KEGG,KEGG:03410,Base excision repair,0.014184397163120567,0.021607162030984808
KEGG,KEGG:04914,Progesterone-mediated oocyte maturation,0.02127659574468085,0.04509774958143506
KEGG,KEGG:05323,Rheumatoid arthritis,0.01950354609929078,0.04631804940958791
